[{"title":"title1","body":"body1"},{"title":"title2","body":"body2"},{"title":"title3","body":"body3"},{"title":"title4","body":"body4"},{"title":"title5","body":"body5"},{"title":"title6","body":"body"},{"title":"title7","body":"body"},{"title":"title8","body":"body"},{"title":"title9","body":"body"},{"title":"title10","body":"body"},{"title":"title11","body":"body"},{"title":"body1","body":"test"},{"title":"title13","body":"test"},{"title":"title14","body":"body"},{"title":"title15","body":"body"}]
